Pair,Probability,Code
бу,1092/770604,000000000
лл,68/770604,0000000010000
мк,68/770604,0000000010001
мл,136/770604,000000001001
оу,68/770604,0000000010100
т;,34/770604,00000000101010
тц,34/770604,00000000101011
шв,17/770604,000000001011000
ю?,17/770604,000000001011001
ьи,34/770604,00000000101101
> ,69/770604,0000000010111
Из,69/770604,0000000011000
У ,69/770604,0000000011001
Та,138/770604,000000001101
Эт,138/770604,000000001110
бъ,69/770604,0000000011110
"г,",69/770604,0000000011111
"м,",1103/770604,000000010
гк,69/770604,0000000110000
м-,69/770604,0000000110001
зь,138/770604,000000011001
тл,138/770604,000000011010
ып,138/770604,000000011011
-т,556/770604,0000000111
ел,4410/770604,0000001
ло,4446/770604,0000010
ли,4462/770604,0000011
яй,138/770604,000010000000
 Г,139/770604,000010000001
о;,69/770604,0000100000100
юк,17/770604,000010000010100
"
Б",9/770604,0000100000101010
)],9/770604,0000100000101011
 ю,35/770604,00001000001011
«А,35/770604,00001000001100
Об,35/770604,00001000001101
Ст,70/770604,0000100000111
аю,558/770604,0000100001
бл,558/770604,0000100010
 Д,279/770604,00001000110
жь,35/770604,00001000111000
и-,35/770604,00001000111001
йм,70/770604,0000100011101
нщ,35/770604,00001000111100
у?,35/770604,00001000111101
рл,70/770604,0000100011111
 е,2240/770604,00001001
от,4476/770604,0000101
 э,1119/770604,000011000
сн,561/770604,0000110010
мы,562/770604,0000110011
— ,2242/770604,00001101
ав,2250/770604,00001110
га,564/770604,0000111100
чн,564/770604,0000111101
оз,1132/770604,000011111
до,2263/770604,00010000
ас,2264/770604,00010001
ти,2264/770604,00010010
оо,140/770604,000100110000
"ш,",35/770604,00010011000100
юх,35/770604,00010011000101
Фе,71/770604,0001001100011
"ч,",142/770604,000100110010
ьз,142/770604,000100110011
гу,567/770604,0001001101
д ,569/770604,0001001110
рт,569/770604,0001001111
во,4550/770604,0001010
ой,2273/770604,00010110
яс,284/770604,00010111000
шл,285/770604,00010111001
ьш,285/770604,00010111010
Ма,143/770604,000101110110
пн,71/770604,0001011101110
",
",9/770604,0001011101111000
-о,9/770604,0001011101111001
<в,9/770604,0001011101111010
<т,9/770604,0001011101111011
  ,9/770604,0001011101111100
«Б,9/770604,0001011101111101
«О,9/770604,0001011101111110
«Я,9/770604,0001011101111111
шк,572/770604,0001011110
нс,286/770604,00010111110
ии,287/770604,00010111111
ть,4578/770604,0001100
: ,1149/770604,000110100
 —,575/770604,0001101010
су,575/770604,0001101011
ин,2304/770604,00011011
В.,18/770604,000111000000000
Вд,9/770604,0001110000000010
Вр,9/770604,0001110000000011
Ки,18/770604,000111000000010
Ло,9/770604,0001110000000110
О ,9/770604,0001110000000111
Н.,18/770604,000111000000100
"О,",9/770604,0001110000001010
а“,9/770604,0001110000001011
Эй,18/770604,000111000000110
в-,9/770604,0001110000001110
зз,9/770604,0001110000001111
бь,36/770604,00011100000100
гч,18/770604,000111000001010
д!,18/770604,000111000001011
дм,72/770604,0001110000011
дю,18/770604,000111000010000
л?,18/770604,000111000010001
н?,18/770604,000111000010010
нв,9/770604,0001110000100110
пс,9/770604,0001110000100111
п ,18/770604,000111000010100
рр,9/770604,0001110000101010
с-,9/770604,0001110000101011
пц,36/770604,00011100001011
лн,144/770604,000111000011
рш,288/770604,00011100010
тб,9/770604,0001110001100000
тх,9/770604,0001110001100001
тз,18/770604,000111000110001
тм,36/770604,00011100011001
тш,9/770604,0001110001101000
тъ,9/770604,0001110001101001
уф,9/770604,0001110001101010
фл,9/770604,0001110001101011
фь,9/770604,0001110001101100
хт,9/770604,0001110001101101
ч?,9/770604,0001110001101110
чл,9/770604,0001110001101111
тю,72/770604,0001110001110
ыи,18/770604,000111000111100
ыщ,18/770604,000111000111101
ь>,9/770604,0001110001111100
яш,9/770604,0001110001111101
юж,18/770604,000111000111111
 х,1159/770604,000111001
иб,579/770604,0001110100
еш,580/770604,0001110101
в.,290/770604,00011101100
вз,292/770604,00011101101
ещ,583/770604,0001110111
ра,4645/770604,0001111
ны,2329/770604,00100000
ы ,2330/770604,00100001
ен,4680/770604,0010001
вь,146/770604,001001000000
мс,73/770604,0010010000010
рп,73/770604,0010010000011
пы,146/770604,001001000010
? ,147/770604,001001000011
ею,147/770604,001001000100
жу,147/770604,001001000101
зе,294/770604,00100100011
ут,1183/770604,001001001
ь…,36/770604,00100101000000
Му,37/770604,00100101000001
Го,74/770604,0010010100001
Ро,37/770604,00100101000100
вч,37/770604,00100101000101
жо,74/770604,0010010100011
 ф,296/770604,00100101001
цы,148/770604,001001010100
ч ,148/770604,001001010101
р ,297/770604,00100101011
ье,593/770604,0010010110
а.,595/770604,0010010111
ят,1188/770604,001001100
"ы,",596/770604,0010011010
яч,148/770604,001001101100
Со,149/770604,001001101101
й!,74/770604,0010011011100
а-,75/770604,0010011011101
ищ,150/770604,001001101111
са,1203/770604,001001110
ач,601/770604,0010011110
Не,302/770604,00100111110
лк,302/770604,00100111111
то,9533/770604,001010
я ,4839/770604,0010110
пр,4847/770604,0010111
зн,1207/770604,001100000
аш,604/770604,0011000010
зб,151/770604,001100001100
!.,38/770604,00110000110100
>.,19/770604,001100001101010
Ин,19/770604,001100001101011
] ,38/770604,00110000110110
Ру,38/770604,00110000110111
чк,303/770604,00110000111
дв,607/770604,0011000100
Сп,19/770604,001100010100000
йц,19/770604,001100010100001
зъ,38/770604,00110001010001
Хо,76/770604,0011000101001
кж,38/770604,00110001010100
мм,19/770604,001100010101010
нз,19/770604,001100010101011
хр,76/770604,0011000101011
х.,152/770604,001100010110
хв,152/770604,001100010111
ая,1219/770604,001100011
ик,2435/770604,00110010
че,2439/770604,00110011
ки,2445/770604,00110100
ап,609/770604,0011010100
як,305/770604,00110101010
х!,19/770604,001101010110000
ёв,9/770604,0011010101100010
"
Л",5/770604,00110101011000110
"
Р",5/770604,00110101011000111
 Э,39/770604,00110101011001
ыд,77/770604,0011010101101
 З,154/770604,001101010111
ыв,616/770604,0011010110
е:,154/770604,001101011100
"р,",154/770604,001101011101
м.,309/770604,00110101111
ал,4964/770604,0011011
ук,618/770604,0011100000
иц,620/770604,0011100001
нь,1241/770604,001110001
"

",2488/770604,00111001
о-,311/770604,00111010000
«Э,39/770604,00111010001000
Са,39/770604,00111010001001
То,78/770604,0011101000101
а»,39/770604,00111010001100
бх,39/770604,00111010001101
й:,39/770604,00111010001110
сб,39/770604,00111010001111
кт,312/770604,00111010010
у!,78/770604,0011101001100
ыч,78/770604,0011101001101
л.,157/770604,001110100111
ыш,313/770604,00111010100
ю.,157/770604,001110101010
юч,78/770604,0011101010110
е;,79/770604,0011101010111
б ,158/770604,001110101100
зк,79/770604,0011101011010
рб,79/770604,0011101011011
й-,158/770604,001110101110
ьц,79/770604,0011101011110
ю:,39/770604,00111010111110
"
Э",10/770604,0011101011111100
 c,5/770604,00111010111111010
-х,5/770604,00111010111111011
 Ж,20/770604,001110101111111
ам,2527/770604,00111011
дн,1265/770604,001111000
жа,632/770604,0011110010
ям,317/770604,00111100110
 А,159/770604,001111001110
 Ц,10/770604,0011110011110000
")
",10/770604,0011110011110001
&#,20/770604,001111001111001
"0
",5/770604,00111100111101000
0 ,5/770604,00111100111101001
2 ,5/770604,00111100111101010
"3
",5/770604,00111100111101011
3 ,5/770604,00111100111101100
"4
",5/770604,00111100111101101
4 ,5/770604,00111100111101110
41,5/770604,00111100111101111
42,5/770604,00111100111110000
5 ,5/770604,00111100111110001
"6
",5/770604,00111100111110010
6 ,5/770604,00111100111110011
"7
",5/770604,00111100111110100
7 ,5/770604,00111100111110101
"8
",5/770604,00111100111110110
8 ,5/770604,00111100111110111
"9
",5/770604,00111100111111000
9 ,5/770604,00111100111111001
<п,5/770604,00111100111111010
<у,5/770604,00111100111111011
ht,5/770604,00111100111111100
om,5/770604,00111100111111101
 Ф,5/770604,00111100111111110
«Е,5/770604,00111100111111111
ле,2541/770604,00111101
ак,5076/770604,0011111
 с,10193/770604,010000
 в,10213/770604,010001
ро,5117/770604,0100100
?»,40/770604,01001010000000
 Е,20/770604,010010100000010
«Р,5/770604,01001010000001100
«н,5/770604,01001010000001101
«т,5/770604,01001010000001110
«ч,5/770604,01001010000001111
 И,40/770604,01001010000010
«Д,40/770604,01001010000011
 П,160/770604,010010100001
Ел,5/770604,01001010001000000
Зе,5/770604,01001010001000001
Жи,10/770604,0100101000100001
Ид,5/770604,01001010001000100
Лю,5/770604,01001010001000101
Ох,5/770604,01001010001000110
Сн,5/770604,01001010001000111
Ит,20/770604,010010100010010
Св,10/770604,0100101000100110
Сч,5/770604,01001010001001110
Уз,5/770604,01001010001001111
Мн,40/770604,01001010001010
Ты,40/770604,01001010001011
Хр,5/770604,01001010001100000
Це,5/770604,01001010001100001
Ше,5/770604,01001010001100010
бг,5/770604,01001010001100011
"б,",10/770604,0100101000110010
бж,10/770604,0100101000110011
в;,20/770604,010010100011010
вщ,5/770604,01001010001101100
е>,5/770604,01001010001101101
ж.,5/770604,01001010001101110
иу,5/770604,01001010001101111
дх,40/770604,01001010001110
ж?,10/770604,0100101000111100
й>,5/770604,01001010001111010
кд,5/770604,01001010001111011
л»,5/770604,01001010001111100
лм,5/770604,01001010001111101
лф,10/770604,0100101000111111
ша,640/770604,0100101001
Я ,160/770604,010010101000
м>,5/770604,01001010100100000
н»,5/770604,01001010100100001
м»,10/770604,0100101010010001
н…,5/770604,01001010100100100
п.,5/770604,01001010100100101
о&,10/770604,0100101010010011
о…,40/770604,01001010100101
пт,40/770604,01001010100110
р;,5/770604,01001010100111000
ц;,5/770604,01001010100111001
фт,10/770604,0100101010011101
т»,20/770604,010010101001111
мя,321/770604,01001010101
лю,642/770604,0100101011
их,1293/770604,010010110
чь,160/770604,010010111000
у»,20/770604,010010111001000
чм,5/770604,01001011100100100
ш?,5/770604,01001011100100101
ш»,10/770604,0100101110010011
щ ,5/770604,01001011100101000
ыо,5/770604,01001011100101001
ьв,5/770604,01001011100101010
эл,5/770604,01001011100101011
ю»,5/770604,01001011100101100
я>,5/770604,01001011100101101
"“,",10/770604,0100101110010111
Мо,81/770604,0100101110011
 А,323/770604,01001011101
юм,20/770604,010010111100000
яб,20/770604,010010111100001
"»
",41/770604,01001011110001
я:,81/770604,0100101111001
ях,162/770604,010010111101
Ал,41/770604,01001011111000
Че,41/770604,01001011111001
Ва,82/770604,0100101111101
у;,41/770604,01001011111100
шт,41/770604,01001011111101
я!,82/770604,0100101111111
 н,10401/770604,010011
ан,2595/770604,01010000
 р,2601/770604,01010001
 б,5219/770604,0101001
и ,10453/770604,010101
ни,5246/770604,0101100
чт,2611/770604,01011010
уш,662/770604,0101101100
нд,165/770604,010110110100
рж,165/770604,010110110101
ущ,165/770604,010110110110
а!,167/770604,010110110111
зд,665/770604,0101101110
-н,333/770604,01011011110
ды,335/770604,01011011111
е ,10582/770604,010111
аз,2659/770604,01100000
ме,2676/770604,01100001
ь ,5353/770604,0110001
ах,668/770604,0110010000
ьд,41/770604,01100100010000
">,",21/770604,011001000100010
Др,21/770604,011001000100011
":
",84/770604,0110010001001
"»,",84/770604,0110010001010
Вп,42/770604,01100100010110
Хл,42/770604,01100100010111
Вы,84/770604,0110010001100
а:,84/770604,0110010001101
бм,21/770604,011001000111000
в:,21/770604,011001000111001
жч,21/770604,011001000111010
иа,21/770604,011001000111011
и…,21/770604,011001000111100
лд,21/770604,011001000111101
к:,42/770604,01100100011111
мр,21/770604,011001001000000
н:,21/770604,011001001000001
нг,21/770604,011001001000010
оэ,21/770604,011001001000011
пч,42/770604,01100100100010
пь,42/770604,01100100100011
сх,168/770604,011001001001
ы.,168/770604,011001001010
с:,21/770604,011001001011000
т-,21/770604,011001001011001
х?,21/770604,011001001011010
„А,5/770604,01100100101101100
„Ч,5/770604,01100100101101101
"
1",11/770604,0110010010110111
рг,85/770604,0110010010111
 Т,338/770604,01100100110
Да,338/770604,01100100111
гд,678/770604,0110010100
уп,681/770604,0110010101
оч,1360/770604,011001011
се,2719/770604,01100110
пе,1361/770604,011001110
ев,1362/770604,011001111
ск,2723/770604,01101000
ож,1362/770604,011010010
ча,1364/770604,011010011
 г,2727/770604,01101010
яд,341/770604,01101011000
у.,342/770604,01101011001
дь,686/770604,0110101101
уж,1372/770604,011010111
 п,11048/770604,011011
ащ,171/770604,011100000000
"!
",172/770604,011100000001
-г,43/770604,01110000001000
нр,43/770604,01110000001001
а;,86/770604,0111000000101
бщ,86/770604,0111000000110
дп,86/770604,0111000000111
ул,687/770604,0111000001
ео,172/770604,011100001000
ип,172/770604,011100001001
хл,172/770604,011100001010
И ,173/770604,011100001011
уч,691/770604,0111000011
об,2763/770604,01110001
 т,5569/770604,0111001
 д,5571/770604,0111010
ив,1384/770604,011101100
"ж,",86/770604,0111011010000
оц,43/770604,01110110100010
"
2",11/770604,0111011010001100
"
3",11/770604,0111011010001101
"
4",11/770604,0111011010001110
.[,11/770604,0111011010001111
е?,87/770604,0111011010010
зр,87/770604,0111011010011
к!,87/770604,0111011010100
тп,87/770604,0111011010101
шу,174/770604,011101101011
я.,348/770604,01110110110
ох,349/770604,01110110111
еп,701/770604,0111011100
тя,350/770604,01110111010
йс,351/770604,01110111011
жн,702/770604,0111011110
! ,703/770604,0111011111
ду,1406/770604,011110000
-п,44/770604,01111000100000
<н,11/770604,0111100010000100
?“,11/770604,0111100010000101
N.,11/770604,0111100010000110
[1,11/770604,0111100010000111
[2,11/770604,0111100010001000
[3,11/770604,0111100010001001
[4,11/770604,0111100010001010
«И,11/770604,0111100010001011
«М,22/770604,011110001000110
«Х,11/770604,0111100010001110
«в,11/770604,0111100010001111
»;,11/770604,0111100010010000
Бл,11/770604,0111100010010001
Ещ,22/770604,011110001001001
Ил,11/770604,0111100010010100
См,11/770604,0111100010010101
в…,11/770604,0111100010010110
гв,11/770604,0111100010010111
г.,22/770604,011110001001100
жл,11/770604,0111100010011010
и>,11/770604,0111100010011011
дш,44/770604,01111000100111
й?,22/770604,011110001010000
к»,11/770604,0111100010100010
нф,11/770604,0111100010100011
лб,22/770604,011110001010010
лв,22/770604,011110001010011
н!,22/770604,011110001010100
о»,22/770604,011110001010101
пш,11/770604,0111100010101100
сз,11/770604,0111100010101101
ц!,11/770604,0111100010101110
щн,11/770604,0111100010101111
нц,176/770604,011110001011
зв,705/770604,0111100011
ди,1413/770604,011110010
еч,707/770604,0111100110
 М,354/770604,01111001110
 О,354/770604,01111001111
 у,2837/770604,01111010
ит,2840/770604,01111011
йт,177/770604,011111000000
шп,22/770604,011111000001000
ы»,11/770604,0111110000010010
эм,11/770604,0111110000010011
эп,11/770604,0111110000010100
…[,11/770604,0111110000010101
юю,22/770604,011111000001011
еи,89/770604,0111110000011
иш,355/770604,01111100001
па,714/770604,0111110001
ок,1424/770604,011111001
ем,2854/770604,01111101
бо,1426/770604,011111100
ря,714/770604,0111111010
Но,358/770604,01111110110
я»,22/770604,011111101110000
… ,22/770604,011111101110001
 Я,45/770604,01111110111001
До,45/770604,01111110111010
Ку,45/770604,01111110111011
Ме,45/770604,01111110111100
Уж,45/770604,01111110111101
а?,90/770604,0111111011111
ю ,1437/770604,011111110
из,1438/770604,011111111
ль,2881/770604,10000000
ся,2890/770604,10000001
же,2894/770604,10000010
ие,1445/770604,100000110
бя,359/770604,10000011100
ух,362/770604,10000011101
т.,181/770604,100000111100
д.,45/770604,10000011110100
ы!,45/770604,10000011110101
юс,91/770604,1000001111011
зг,183/770604,100000111110
 Ф,92/770604,1000001111110
-д,23/770604,100000111111100
?.,23/770604,100000111111101
Бе,46/770604,10000011111111
 з,2900/770604,10000100
т ,2929/770604,10000101
го,5840/770604,1000011
уд,1466/770604,100010000
ых,732/770604,1000100010
. ,368/770604,10001000110
Ан,92/770604,1000100011100
вв,46/770604,10001000111010
дч,23/770604,100010001110110
еа,23/770604,100010001110111
дц,184/770604,100010001111
ше,1471/770604,100010010
ар,1475/770604,100010011
ое,1486/770604,100010100
мб,23/770604,100010101000000
у-,23/770604,100010101000001
мь,46/770604,10001010100001
фо,46/770604,10001010100010
щь,23/770604,100010101000110
ы?,23/770604,100010101000111
яя,46/770604,10001010100100
ё ,46/770604,10001010100101
Те,93/770604,1000101010011
».,186/770604,100010101010
сч,186/770604,100010101011
 Н,749/770604,1000101011
дк,187/770604,100010110000
уй,93/770604,1000101100010
Гр,47/770604,10001011000110
С ,47/770604,10001011000111
ац,47/770604,10001011001000
дъ,47/770604,10001011001001
рч,47/770604,10001011001010
цв,47/770604,10001011001011
ъя,94/770604,1000101100110
эк,47/770604,10001011001110
“ ,23/770604,100010110011110
"
*",3/770604,100010110011111000
"
5",3/770604,100010110011111001
"
Ш",3/770604,100010110011111010
 a,3/770604,100010110011111011
 *,6/770604,10001011001111110
!“,6/770604,10001011001111111
ую,750/770604,1000101101
 ж,1508/770604,100010111
ее,754/770604,1000110000
оя,377/770604,10001100010
Пе,189/770604,100011000110
ию,189/770604,100011000111
"ь,",1510/770604,100011001
"н,",378/770604,10001101000
Во,190/770604,100011010010
вя,190/770604,100011010011
ош,759/770604,1000110101
ей,1520/770604,100011011
пи,760/770604,1000111000
 В,761/770604,1000111001
хо,1522/770604,100011101
к ,3054/770604,10001111
"а,",1527/770604,100100000
уе,190/770604,100100001000
яз,190/770604,100100001001
гн,191/770604,100100001010
йд,95/770604,1001000010110
#2,6/770604,10010000101110000
(1,6/770604,10010000101110001
(И,12/770604,1001000010111001
(о,12/770604,1001000010111010
(п,3/770604,100100001011101100
(с,3/770604,100100001011101101
(у,3/770604,100100001011101110
"*
",3/770604,100100001011101111
* ,6/770604,10010000101111000
-е,3/770604,100100001011110010
-ш,3/770604,100100001011110011
",[",12/770604,1001000010111101
-м,6/770604,10010000101111100
//,3/770604,100100001011111010
/r,3/770604,100100001011111011
-ф,12/770604,1001000010111111
рв,191/770604,100100001100
ык,191/770604,100100001101
.),24/770604,100100001110000
1 ,6/770604,10010000111000100
1),3/770604,100100001110001010
14,3/770604,100100001110001011
"2
",6/770604,10010000111000110
2),3/770604,100100001110001110
36,3/770604,100100001110001111
33,6/770604,10010000111001000
45,3/770604,100100001110010010
:/,3/770604,100100001110010011
"5
",6/770604,10010000111001010
;д,3/770604,100100001110010110
<д,3/770604,100100001110010111
<ж,3/770604,100100001110011000
<з,3/770604,100100001110011001
<м,3/770604,100100001110011010
<с,3/770604,100100001110011011
<о,6/770604,10010000111001110
<ц,3/770604,100100001110011110
[5,3/770604,100100001110011111
co,6/770604,10010000111010000
e ,6/770604,10010000111010001
es,3/770604,100100001110100100
hi,3/770604,100100001110100101
ho,3/770604,100100001110100110
ie,3/770604,100100001110100111
mo,3/770604,100100001110101000
on,3/770604,100100001110101001
or,6/770604,10010000111010101
p:,3/770604,100100001110101100
re,3/770604,100100001110101101
ri,3/770604,100100001110101110
st,3/770604,100100001110101111
te,3/770604,100100001110110000
tp,3/770604,100100001110110001
tt,3/770604,100100001110110010
 1,3/770604,100100001110110011
" 
",12/770604,1001000011101101
 (,12/770604,1001000011101110
 ],12/770604,1001000011101111
 У,24/770604,100100001111000
 к,3/770604,100100001111001000
«Ф,3/770604,100100001111001001
«а,3/770604,100100001111001010
«з,3/770604,100100001111001011
«м,6/770604,10010000111100110
«р,3/770604,100100001111001110
«с,3/770604,100100001111001111
«э,3/770604,100100001111010000
Аг,3/770604,100100001111010001
«я,6/770604,10010000111101001
"А,",12/770604,1001000011110101
Ав,6/770604,10010000111101100
Ак,3/770604,100100001111011010
Ап,3/770604,100100001111011011
Вн,3/770604,100100001111011100
Вш,3/770604,100100001111011101
Дм,3/770604,100100001111011110
Ее,3/770604,100100001111011111
Ах,48/770604,10010000111110
Дя,6/770604,10010000111111000
Ег,6/770604,10010000111111001
Ер,3/770604,100100001111110100
Жд,3/770604,100100001111110101
Зв,3/770604,100100001111110110
Иг,3/770604,100100001111110111
Ем,24/770604,100100001111111
ма,1531/770604,100100010
Же,12/770604,1001000110000000
Зя,6/770604,10010001100000010
Ис,6/770604,10010001100000011
О!,3/770604,100100011000001000
Ор,3/770604,100100011000001001
Пы,3/770604,100100011000001010
Ря,3/770604,100100011000001011
Сд,6/770604,10010001100000110
ТО,3/770604,100100011000001110
Уе,3/770604,100100011000001111
Ум,6/770604,10010001100001000
Уп,3/770604,100100011000010010
Ут,3/770604,100100011000010011
Фи,6/770604,10010001100001010
Фы,3/770604,100100011000010110
Хв,3/770604,100100011000010111
Хе,6/770604,10010001100001100
Ху,3/770604,100100011000011010
Цв,3/770604,100100011000011011
Ча,12/770604,1001000110000111
Чу,12/770604,1001000110001000
Шт,3/770604,100100011000100100
Ще,3/770604,100100011000100101
Юр,3/770604,100100011000100110
ао,3/770604,100100011000100111
аё,6/770604,10010001100010100
б.,6/770604,10010001100010101
бз,3/770604,100100011000101100
г-,3/770604,100100011000101101
бю,6/770604,10010001100010111
бш,12/770604,1001000110001100
гс,6/770604,10010001100011010
гш,3/770604,100100011000110110
дг,3/770604,100100011000110111
дз,6/770604,10010001100011100
ж!,3/770604,100100011000111010
лз,3/770604,100100011000111011
зц,6/770604,10010001100011110
йб,6/770604,10010001100011111
бк,96/770604,1001000110010
к>,6/770604,10010001100110000
рё,3/770604,100100011001100010
фя,3/770604,100100011001100011
с!,12/770604,1001000110011001
л-,24/770604,100100011001101
тг,6/770604,10010001100111000
тф,6/770604,10010001100111001
у>,6/770604,10010001100111010
ф ,6/770604,10010001100111011
уа,12/770604,1001000110011110
фс,6/770604,10010001100111110
фы,6/770604,10010001100111111
ж ,384/770604,10010001101
кл,384/770604,10010001110
тк,385/770604,10010001111
 о,6145/770604,1001001
ка,6153/770604,1001010
му,1539/770604,100101100
".
",1540/770604,100101101
Ну,193/770604,100101110000
х>,3/770604,100101110001000000
ш-,3/770604,100101110001000001
ц?,6/770604,10010111000100001
шм,3/770604,100101110001000100
ыц,3/770604,100101110001000101
ы-,6/770604,10010111000100011
ы>,12/770604,1001011100010010
ь),3/770604,100101110001001100
ьж,3/770604,100101110001001101
ьо,6/770604,10010111000100111
хс,48/770604,10010111000101
 щ,97/770604,1001011100011
ял,386/770604,10010111001
ец,387/770604,10010111010
иг,389/770604,10010111011
— ,1550/770604,100101111
на,6207/770604,1001100
у ,3102/770604,10011010
"
—",1551/770604,100110110
ня,782/770604,1001101110
иж,195/770604,100110111100
"
Ч",98/770604,1001101111010
 Ч,49/770604,10011011110110
Зд,49/770604,10011011110111
сы,196/770604,100110111110
шн,196/770604,100110111111
бы,3116/770604,10011100
ла,3141/770604,10011101
ов,6257/770604,1001111
о ,12632/770604,101000
 я,786/770604,1010010000
Ив,197/770604,101001000100
з-,49/770604,10100100010100
лт,49/770604,10100100010101
и;,99/770604,1010010001011
г ,394/770604,10100100011
дс,394/770604,10100100100
рс,197/770604,101001001010
л:,99/770604,1010010010110
ыб,99/770604,1010010010111
"т,",793/770604,1010010011
ил,3173/770604,10100101
 л,1594/770604,101001100
ьх,3/770604,101001101000000000
я“,3/770604,101001101000000001
ю…,6/770604,10100110100000001
"ё,",3/770604,101001101000000100
ён,3/770604,101001101000000101
ёс,3/770604,101001101000000110
„З,3/770604,101001101000000111
-л,25/770604,101001101000001
«Ч,25/770604,101001101000010
Ба,25/770604,101001101000011
яж,99/770604,1010011010001
яв,199/770604,101001101001
Ви,50/770604,10100110101000
Дв,25/770604,101001101010010
Кр,25/770604,101001101010011
Ск,50/770604,10100110101010
аф,50/770604,10100110101011
юб,200/770604,101001101011
Чи,798/770604,1010011011
ог,3204/770604,10100111
 к,6433/770604,1010100
вл,401/770604,10101010000
шь,401/770604,10101010001
; ,803/770604,1010101001
вм,100/770604,1010101010000
йл,25/770604,101010101000100
у…,25/770604,101010101000101
"
С",51/770604,10101010100011
рк,201/770604,101010101001
дл,403/770604,10101010101
з ,808/770604,1010101011
он,3230/770604,10101011
ши,1614/770604,101011000
бе,1616/770604,101011001
 ц,202/770604,101011010000
тч,101/770604,1010110100010
 -,51/770604,10101101000110
- ,51/770604,10101101000111
рь,407/770604,10101101001
 Ч,813/770604,1010110101
ез,813/770604,1010110110
ьн,813/770604,1010110111
 м,3262/770604,10101110
гл,814/770604,1010111100
? ,408/770604,10101111010
ея,102/770604,1010111101100
жк,102/770604,1010111101101
йк,204/770604,101011110111
с ,1636/770604,101011111
не,6538/770604,1011000
по,6544/770604,1011001
лы,408/770604,10110100000
ч.,51/770604,10110100001000
ь;,51/770604,10110100001001
я-,51/770604,10110100001010
“.,25/770604,101101000010110
"
З",26/770604,101101000010111
лж,205/770604,101101000011
ир,410/770604,10110100010
ь.,413/770604,10110100011
ну,1642/770604,101101001
ес,3288/770604,10110101
но,6605/770604,1011011
вн,825/770604,1011100000
"й,",825/770604,1011100001
со,1651/770604,101110001
лг,103/770604,1011100100000
тд,103/770604,1011100100001
"
И",26/770604,101110010001000
 N,13/770604,1011100100010010
18,13/770604,1011100100010011
 Р,13/770604,1011100100010100
«Т,13/770604,1011100100010101
Бр,13/770604,1011100100010110
Гд,13/770604,1011100100010111
Ей,13/770604,1011100100011000
Им,13/770604,1011100100011001
Ле,26/770604,101110010001101
Оч,13/770604,1011100100011100
Ул,13/770604,1011100100011101
к;,26/770604,101110010001111
вк,208/770604,101110010010
и!,104/770604,1011100100110
лч,52/770604,10111001001110
лё,13/770604,1011100100111100
л…,13/770604,1011100100111101
мц,13/770604,1011100100111110
нб,13/770604,1011100100111111
ий,833/770604,1011100101
 —,1665/770604,101110011
да,3343/770604,10111010
сг,13/770604,1011101100000000
т…,13/770604,1011101100000001
х-,26/770604,101110110000001
сё,52/770604,10111011000001
х;,13/770604,1011101100001000
ы…,13/770604,1011101100001001
ю!,26/770604,101110110000101
ч!,52/770604,10111011000011
эд,52/770604,10111011000100
я;,52/770604,10111011000101
яи,104/770604,1011101100011
 Д,209/770604,101110110010
На,209/770604,101110110011
тс,834/770604,1011101101
кн,418/770604,10111011100
ющ,209/770604,101110111010
я…,26/770604,101110111011000
ёт,6/770604,10111011101100100
"
Д",7/770604,10111011101100101
„Н,13/770604,1011101110110011
"
П",53/770604,10111011101101
"д,",105/770604,1011101110111
к-,105/770604,1011101111000
"ц,",105/770604,1011101111001
пя,210/770604,101110111101
фа,210/770604,101110111110
ъе,105/770604,1011101111110
юш,105/770604,1011101111111
ку,1680/770604,101111000
ьс,842/770604,1011110010
пл,421/770604,10111100110
зо,422/770604,10111100111
тв,1692/770604,101111010
ья,422/770604,10111101100
… ,211/770604,101111011010
 (,53/770604,10111101101100
Де,53/770604,10111101101101
 К,106/770604,1011110110111
зж,106/770604,1011110111000
о?,106/770604,1011110111001
сд,212/770604,101111011101
ци,106/770604,1011110111100
ыг,106/770604,1011110111101
ящ,106/770604,1011110111110
"з,",53/770604,10111101111110
 Л,54/770604,10111101111111
зя,427/770604,10111110000
би,429/770604,10111110001
ба,860/770604,1011111001
ыл,1719/770604,101111101
ат,3444/770604,10111111
ис,1724/770604,110000000
тр,1726/770604,110000001
 а,862/770604,1100000100
зи,215/770604,110000010100
 <,108/770604,1100000101010
 Б,27/770604,110000010101100
Гл,27/770604,110000010101101
Од,54/770604,11000001010111
Тр,27/770604,110000010110000
рз,27/770604,110000010110001
нж,54/770604,11000001011001
н.,108/770604,1100000101101
йн,218/770604,110000010111
ым,867/770604,1100000110
ид,871/770604,1100000111
де,3492/770604,11000010
ус,872/770604,1100001100
рд,218/770604,110000110100
съ,27/770604,110000110101000
ы:,27/770604,110000110101001
ыз,27/770604,110000110101010
ь»,27/770604,110000110101011
зм,110/770604,1100001101011
вр,438/770604,11000011011
св,874/770604,1100001110
зу,219/770604,110000111100
ью,219/770604,110000111101
!»,220/770604,110000111110
вд,220/770604,110000111111
ри,3508/770604,11000100
"и,",1759/770604,110001010
е-,220/770604,110001011000
и:,110/770604,1100010110010
пк,110/770604,1100010110011
"х,",442/770604,11000101101
ыт,442/770604,11000101110
яг,55/770604,11000101111000
яю,55/770604,11000101111001
Се,111/770604,1100010111101
бс,111/770604,1100010111110
дт,111/770604,1100010111111
 и,7096/770604,1100011
и?,111/770604,1100100000000
иф,111/770604,1100100000001
ощ,111/770604,1100100000010
ху,111/770604,1100100000011
"ю,",445/770604,11001000001
ия,890/770604,1100100001
мн,893/770604,1100100010
ьм,222/770604,110010001100
"
Т",28/770604,110010001101000
 h,7/770604,11001000110100100
"),",7/770604,11001000110100101
#7,14/770604,1100100011010011
-а,7/770604,11001000110101000
.»,7/770604,11001000110101001
"1
",7/770604,11001000110101010
84,7/770604,11001000110101011
69,14/770604,1100100011010110
76,14/770604,1100100011010111
9;,14/770604,1100100011011000
"]
",14/770604,1100100011011001
mm,7/770604,11001000110110100
 Ж,7/770604,11001000110110101
«З,14/770604,1100100011011011
 С,56/770604,11001000110111
пу,447/770604,11001000111
од,3579/770604,11001001
 ш,448/770604,11001010000
«д,7/770604,11001010001000000
Гм,7/770604,11001010001000001
«п,14/770604,1100101000100001
Вз,14/770604,1100101000100010
Дл,14/770604,1100101000100011
Зн,28/770604,110010100010010
Кт,28/770604,110010100010011
Ли,14/770604,1100101000101000
Пи,14/770604,1100101000101001
Пу,14/770604,1100101000101010
Су,14/770604,1100101000101011
Ув,7/770604,11001010001011000
Ус,7/770604,11001010001011001
Уч,7/770604,11001010001011010
Ша,7/770604,11001010001011011
Фо,14/770604,1100101000101110
бт,14/770604,1100101000101111
Эх,28/770604,110010100011000
а…,28/770604,110010100011001
бч,7/770604,11001010001101000
г!,7/770604,11001010001101001
д?,14/770604,1100101000110101
дд,14/770604,1100101000110110
жж,7/770604,11001010001101110
зш,7/770604,11001010001101111
жм,14/770604,1100101000111000
з.,14/770604,1100101000111001
й…,14/770604,1100101000111010
кк,7/770604,11001010001110110
лщ,7/770604,11001010001110111
мп,28/770604,110010100011110
мч,14/770604,1100101000111110
мщ,7/770604,11001010001111110
н>,7/770604,11001010001111111
бн,224/770604,110010100100
н-,28/770604,110010100101000
"п,",7/770604,11001010010100100
р:,7/770604,11001010010100101
ш.,7/770604,11001010010100110
щр,7/770604,11001010010100111
сш,56/770604,11001010010101
т?,28/770604,110010100101100
ыж,14/770604,1100101001011010
ыу,7/770604,11001010010110110
юг,7/770604,11001010010110111
тт,56/770604,11001010010111
ь?,112/770604,1100101001100
ю;,28/770604,110010100110100
юл,7/770604,11001010011010100
юф,7/770604,11001010011010101
…»,14/770604,1100101001101011
яе,56/770604,11001010011011
Он,225/770604,110010100111
ые,898/770604,1100101010
 И,449/770604,11001010110
 Х,113/770604,1100101011100
яр,56/770604,11001010111010
 О,57/770604,11001010111011
ц ,226/770604,110010101111
за,3621/770604,11001011
ум,902/770604,1100110000
ае,905/770604,1100110001
юд,226/770604,110011001000
й.,227/770604,110011001001
ыс,454/770604,11001100101
аб,456/770604,11001100110
юн,28/770604,110011001110000
-ч,29/770604,110011001110001
я?,57/770604,11001100111001
чш,115/770604,1100110011101
В ,230/770604,110011001111
й ,3684/770604,11001101
вы,1842/770604,110011100
 П,920/770604,1100111010
аг,461/770604,11001110110
 К,463/770604,11001110111
ом,3690/770604,11001111
"о,",1846/770604,110100000
"е,",1850/770604,110100001
ь:,115/770604,1101000100000
"
В",58/770604,11010001000010
 Г,29/770604,110100010000110
Эк,29/770604,110100010000111
Ка,232/770604,110100010001
Ни,58/770604,11010001001000
От,58/770604,11010001001001
в!,29/770604,110100010010100
дб,29/770604,110100010010101
е…,29/770604,110100010010110
зч,29/770604,110100010010111
жб,58/770604,11010001001100
й;,29/770604,110100010011010
л!,29/770604,110100010011011
рф,29/770604,110100010011100
с.,29/770604,110100010011101
т!,58/770604,11010001001111
оп,927/770604,1101000101
ще,928/770604,1101000110
ву,464/770604,11010001110
"с,",116/770604,1101000111100
у:,58/770604,11010001111010
х:,29/770604,110100011110110
ц.,29/770604,110100011110111
хи,116/770604,1101000111110
 Б,117/770604,1101000111111
а ,7439/770604,1101001
ко,7454/770604,1101010
ве,3744/770604,11010110
. ,3749/770604,11010111
ст,7496/770604,1101100
", ",930/770604,1101101000
уг,938/770604,1101101001
шо,234/770604,110110101000
рм,117/770604,1101101010010
 „,59/770604,11011010100110
 Т,59/770604,11011010100111
ца,470/770604,11011010101
лс,948/770604,1101101011
ет,3762/770604,11011011
в ,3767/770604,11011100
им,1897/770604,110111010
Ве,118/770604,1101110110000
зл,118/770604,1101110110001
Пр,238/770604,110111011001
По,475/770604,11011101101
чу,475/770604,11011101110
см,477/770604,11011101111
н ,1910/770604,110111100
оф,59/770604,11011110100000
чр,29/770604,110111101000010
"
У",15/770604,1101111010000110
-в,15/770604,1101111010000111
"
Н",60/770604,11011110100010
).,30/770604,110111101000110
.],30/770604,110111101000111
ща,239/770604,110111101001
ув,479/770604,11011110101
ры,958/770604,1101111011
л ,3836/770604,11011111
нн,1920/770604,111000000
мо,1924/770604,111000001
сл,1927/770604,111000010
<б,15/770604,1110000110000000
А!,15/770604,1110000110000001
Бы,15/770604,1110000110000010
Ок,15/770604,1110000110000011
Ге,30/770604,111000011000010
Ду,30/770604,111000011000011
Ос,15/770604,1110000110001000
Си,15/770604,1110000110001001
Ха,15/770604,1110000110001010
в?,15/770604,1110000110001011
Ра,60/770604,11100001100011
вт,120/770604,1110000110010
зт,15/770604,1110000110011000
й»,15/770604,1110000110011001
кц,15/770604,1110000110011010
лп,15/770604,1110000110011011
м!,60/770604,11100001100111
мг,15/770604,1110000110100000
н;,15/770604,1110000110100001
о>,15/770604,1110000110100010
пщ,15/770604,1110000110100011
р!,15/770604,1110000110100100
рц,15/770604,1110000110100101
рщ,15/770604,1110000110100110
хм,15/770604,1110000110100111
ьг,60/770604,11100001101010
ьч,30/770604,111000011010110
"я
",15/770604,1110000110101110
яц,15/770604,1110000110101111
дя,242/770604,111000011011
ха,482/770604,11100001110
ай,485/770604,11100001111
сь,1931/770604,111000100
сп,968/770604,1110001010
лу,969/770604,1110001011
ва,3868/770604,11100011
ол,3874/770604,11100100
ич,1948/770604,111001010
ню,121/770604,1110010110000
о!,121/770604,1110010110001
ь!,121/770604,1110010110010
Ес,61/770604,11100101100110
Ту,61/770604,11100101100111
гр,490/770604,11100101101
ьк,980/770604,1110010111
ер,3905/770604,11100110
вш,981/770604,1110011100
ля,981/770604,1110011101
ур,490/770604,11100111100
вп,122/770604,1110011110100
ср,123/770604,1110011110101
фр,123/770604,1110011110110
щу,61/770604,11100111101110
-б,31/770604,111001111011110
Аф,31/770604,111001111011111
ги,492/770604,11100111110
сс,492/770604,11100111111
те,3934/770604,11101000
м ,3937/770604,11101001
аж,989/770604,1110101000
 Е,124/770604,1110101001000
«П,62/770604,11101010010010
вц,31/770604,111010100100110
цк,31/770604,111010100100111
еу,62/770604,11101010010100
т:,62/770604,11101010010101
к.,124/770604,1110101001011
 С,496/770604,11101010011
тн,993/770604,1110101010
"у,",993/770604,1110101011
жд,497/770604,11101011000
и.,498/770604,11101011001
чо,62/770604,11101011010000
ы;,31/770604,111010110100010
яп,31/770604,111010110100011
хн,125/770604,1110101101001
 Н,251/770604,111010110101
ке,502/770604,11101011011
ру,2001/770604,111010111
та,4010/770604,11101100
си,1004/770604,1110110100
ян,502/770604,11101101010
кв,126/770604,1110110101100
рх,126/770604,1110110101101
нт,253/770604,111011010111
ек,1010/770604,1110110110
эт,1010/770604,1110110111
це,506/770604,11101110000
о.,508/770604,11101110001
кр,1015/770604,1110111001
чи,2030/770604,111011101
ьб,63/770604,11101111000000
…“,3/770604,111011110000010000
		,4/770604,111011110000010001
	В,1/770604,11101111000001001000
	Д,1/770604,11101111000001001001
	Т,1/770604,11101111000001001010
	Ч,1/770604,11101111000001001011
"
	",4/770604,111011110000010011
"
(",1/770604,11101111000001010000
"
6",1/770604,11101111000001010001
"
7",1/770604,11101111000001010010
"
8",1/770604,11101111000001010011
"
9",1/770604,11101111000001010100
"
n",1/770604,11101111000001010101
"
<",2/770604,1110111100000101011
"
 ",4/770604,111011110000010110
"
Е",2/770604,1110111100000101110
"
Ж",1/770604,11101111000001011110
"
…",1/770604,11101111000001011111
"
К",32/770604,111011110000011
нч,127/770604,1110111100001
уз,255/770604,111011110001
ои,509/770604,11101111001
"к,",510/770604,11101111010
"
М",16/770604,1110111101100000
"
Ф",4/770604,111011110110000100
"
Ю",2/770604,1110111101100001010
 2,1/770604,11101111011000010110
 R,1/770604,11101111011000010111
"
Х",8/770604,11101111011000011
"
О",32/770604,111011110110001
 1,4/770604,111011110110010000
 6,2/770604,1110111101100100010
 [,2/770604,1110111101100100011
 b,2/770604,1110111101100100100
 e,1/770604,11101111011001001010
 g,1/770604,11101111011001001011
 f,2/770604,1110111101100100110
 i,2/770604,1110111101100100111
 p,1/770604,11101111011001010000
 t,1/770604,11101111011001010001
 q,2/770604,1110111101100101001
 Щ,4/770604,111011110110010101
 Ю,4/770604,111011110110010110
 ъ,2/770604,1110111101100101110
 …,1/770604,11101111011001011110
![,1/770604,11101111011001011111
!),2/770604,1110111101100110000
(Ж,1/770604,11101111011001100010
(Р,1/770604,11101111011001100011
(П,4/770604,111011110110011001
(Ч,1/770604,11101111011001101000
(б,1/770604,11101111011001101001
(в,1/770604,11101111011001101010
(д,1/770604,11101111011001101011
(з,1/770604,11101111011001101100
(к,1/770604,11101111011001101101
(и,2/770604,1110111101100110111
(л,2/770604,1110111101100111000
(м,2/770604,1110111101100111001
(н,2/770604,1110111101100111010
(р,1/770604,11101111011001110110
(т,1/770604,11101111011001110111
(ф,4/770604,111011110110011110
(э,1/770604,11101111011001111100
",—",1/770604,11101111011001111101
);,2/770604,1110111101100111111
) ,8/770604,11101111011010000
) ,2/770604,1110111101101000100
-<,1/770604,11101111011010001010
-a,1/770604,11101111011010001011
-t,1/770604,11101111011010001100
-Д,1/770604,11101111011010001101
-ж,1/770604,11101111011010001110
.!,1/770604,11101111011010001111
-К,4/770604,111011110110100100
-у,2/770604,1110111101101001010
-ю,2/770604,1110111101101001011
-р,8/770604,11101111011010011
-з,32/770604,111011110110101
".,",2/770604,1110111101101100000
.:,2/770604,1110111101101100001
.h,2/770604,1110111101101100010
/a,1/770604,11101111011011000110
/c,1/770604,11101111011011000111
.r,4/770604,111011110110110010
/g,2/770604,1110111101101100110
/m,1/770604,11101111011011001110
4-,1/770604,11101111011011001111
10,2/770604,1110111101101101000
11,2/770604,1110111101101101001
12,2/770604,1110111101101101010
13,2/770604,1110111101101101011
15,2/770604,1110111101101101100
16,2/770604,1110111101101101101
17,2/770604,1110111101101101110
19,2/770604,1110111101101101111
20,2/770604,1110111101101110000
21,2/770604,1110111101101110001
22,2/770604,1110111101101110010
24,2/770604,1110111101101110011
23,8/770604,11101111011011101
25,2/770604,1110111101101111000
26,2/770604,1110111101101111001
27,2/770604,1110111101101111010
28,2/770604,1110111101101111011
29,2/770604,1110111101101111100
30,2/770604,1110111101101111101
31,2/770604,1110111101101111110
32,2/770604,1110111101101111111
..,64/770604,11101111011100
34,4/770604,111011110111010000
35,2/770604,1110111101110100010
37,2/770604,1110111101110100011
38,2/770604,1110111101110100100
39,2/770604,1110111101110100101
3;,4/770604,111011110111010011
40,2/770604,1110111101110101000
43,2/770604,1110111101110101001
44,2/770604,1110111101110101010
46,2/770604,1110111101110101011
47,2/770604,1110111101110101100
48,2/770604,1110111101110101101
49,2/770604,1110111101110101110
4;,2/770604,1110111101110101111
5),2/770604,1110111101110110000
50,2/770604,1110111101110110001
51,2/770604,1110111101110110010
55,2/770604,1110111101110110011
57,2/770604,1110111101110110100
"6,",2/770604,1110111101110110101
66,4/770604,111011110111011011
68,1/770604,11101111011101110000
8!,1/770604,11101111011101110001
7.,2/770604,1110111101110111001
85,4/770604,111011110111011101
::,1/770604,11101111011101111000
";,",1/770604,11101111011101111001
;),2/770604,1110111101110111101
;[,2/770604,1110111101110111110
;r,2/770604,1110111101110111111
;t,2/770604,1110111101111000000
; ,1/770604,11101111011110000010
<К,1/770604,11101111011110000011
;к,4/770604,111011110111100001
;л,2/770604,1110111101111000100
<М,1/770604,11101111011110001010
<О,1/770604,11101111011110001011
<П,2/770604,1110111101111000110
<Х,1/770604,11101111011110001110
<е,1/770604,11101111011110001111
<Ч,4/770604,111011110111100100
<г,4/770604,111011110111100101
<и,4/770604,111011110111100110
<л,2/770604,1110111101111001110
<х,1/770604,11101111011110011110
<ш,1/770604,11101111011110011111
<к,8/770604,11101111011110100
<р,4/770604,111011110111101010
<ч,4/770604,111011110111101011
<я,1/770604,11101111011110110000
">
",1/770604,11101111011110110001
>!,2/770604,1110111101111011001
>:,2/770604,1110111101111011010
>;,1/770604,11101111011110110110
>к,1/770604,11101111011110110111
>?,2/770604,1110111101111011100
?!,2/770604,1110111101111011101
?[,1/770604,11101111011110111100
N ,1/770604,11101111011110111101
N3,1/770604,11101111011110111110
NN,1/770604,11101111011110111111
Ro,1/770604,11101111011111000000
[6,1/770604,11101111011111000001
[7,1/770604,11101111011111000010
[8,1/770604,11101111011111000011
[9,1/770604,11101111011111000100
[в,1/770604,11101111011111000101
[р,1/770604,11101111011111000110
] ,1/770604,11101111011111000111
_d,1/770604,11101111011111001000
a-,1/770604,11101111011111001001
_n,2/770604,1110111101111100101
ag,2/770604,1110111101111100110
am,1/770604,11101111011111001110
au,1/770604,11101111011111001111
al,4/770604,111011110111110100
ap,2/770604,1110111101111101010
ay,2/770604,1110111101111101011
b.,4/770604,111011110111110110
be,2/770604,1110111101111101110
ce,2/770604,1110111101111101111
cr,1/770604,11101111011111100000
du,1/770604,11101111011111100001
di,2/770604,1110111101111110001
e),4/770604,111011110111111001
"e,",1/770604,11101111011111101000
e-,1/770604,11101111011111101001
e.,1/770604,11101111011111101010
e_,1/770604,11101111011111101011
el,4/770604,111011110111111011
em,2/770604,1110111101111111000
en,2/770604,1110111101111111001
er,1/770604,11101111011111110100
gr,1/770604,11101111011111110101
eu,2/770604,1110111101111111011
fe,2/770604,1110111101111111100
ge,2/770604,1110111101111111101
go,4/770604,111011110111111111
i.,1/770604,11101111100000000000
ip,1/770604,11101111100000000001
ik,2/770604,1110111110000000001
ib,4/770604,111011111000000001
in,2/770604,1110111110000000100
is,2/770604,1110111110000000101
it,2/770604,1110111110000000110
ko,2/770604,1110111110000000111
"l
",2/770604,1110111110000001000
l_,2/770604,1110111110000001001
la,2/770604,1110111110000001010
m&,2/770604,1110111110000001011
le,4/770604,111011111000000110
li,4/770604,111011111000000111
ll,8/770604,11101111100000100
m[,1/770604,11101111100000101000
no,1/770604,11101111100000101001
ml,2/770604,1110111110000010101
me,4/770604,111011111000001011
n ,4/770604,111011111000001100
nc,2/770604,1110111110000011010
ni,2/770604,1110111110000011011
nt,1/770604,11101111100000111000
ot,1/770604,11101111100000111001
od,2/770604,1110111110000011101
og,2/770604,1110111110000011110
os,2/770604,1110111110000011111
ol,4/770604,111011111000010000
oy,4/770604,111011111000010001
pe,2/770604,1110111110000100100
po,1/770604,11101111100001001010
pt,1/770604,11101111100001001011
pp,2/770604,1110111110000100110
qu,2/770604,1110111110000100111
r),2/770604,1110111110000101000
r/,1/770604,11101111100001010010
rt,1/770604,11101111100001010011
ra,2/770604,1110111110000101010
rr,2/770604,1110111110000101011
ro,4/770604,111011111000010110
ru,4/770604,111011111000010111
"s
",1/770604,11101111100001100000
s.,1/770604,11101111100001100001
s),2/770604,1110111110000110001
sc,1/770604,11101111100001100100
sh,1/770604,11101111100001100101
t/,1/770604,11101111100001100110
th,1/770604,11101111100001100111
t&,4/770604,111011111000011010
tm,2/770604,1110111110000110110
to,2/770604,1110111110000110111
ts,1/770604,11101111100001110000
tu,1/770604,11101111100001110001
tv,1/770604,11101111100001110010
"u
",1/770604,11101111100001110011
u/,2/770604,1110111110000111010
u:,1/770604,11101111100001110110
um,1/770604,11101111100001110111
ur,2/770604,1110111110000111100
us,1/770604,11101111100001111010
ut,1/770604,11101111100001111011
u’,2/770604,1110111110000111110
vi,1/770604,11101111100001111110
y.,1/770604,11101111100001111111
y/,1/770604,11101111100010000000
 «,1/770604,11101111100010000001
 Ц,1/770604,11101111100010000010
 Щ,1/770604,11101111100010000011
ya,4/770604,111011111000100001
 Л,4/770604,111011111000100010
 л,2/770604,1110111110001000110
 п,1/770604,11101111100010001110
 т,1/770604,11101111100010001111
 …,1/770604,11101111100010010000
«<,1/770604,11101111100010010001
«Ж,1/770604,11101111100010010010
«Щ,1/770604,11101111100010010011
«Л,4/770604,111011111000100101
«У,2/770604,1110111110001001100
«Ш,2/770604,1110111110001001101
«б,2/770604,1110111110001001110
«г,1/770604,11101111100010011110
«ж,1/770604,11101111100010011111
«Г,16/770604,1110111110001010
«л,1/770604,11101111100010110000
«у,1/770604,11101111100010110001
«о,2/770604,1110111110001011001
«х,4/770604,111011111000101101
«ю,1/770604,11101111100010111000
«…,1/770604,11101111100010111001
»?,2/770604,1110111110001011101
»[,1/770604,11101111100010111100
А?,1/770604,11101111100010111101
Аб,2/770604,1110111110001011111
«К,32/770604,111011111000110
«С,32/770604,111011111000111
Ад,4/770604,111011111001000000
Аз,2/770604,1110111110010000010
Ам,2/770604,1110111110010000011
Ар,2/770604,1110111110010000100
Би,1/770604,11101111100100001010
ВТ,1/770604,11101111100100001011
Бь,2/770604,1110111110010000110
ВЫ,1/770604,11101111100100001110
Вб,1/770604,11101111100100001111
Бу,16/770604,1110111110010001
Вв,1/770604,11101111100100100000
Вл,1/770604,11101111100100100001
Вм,1/770604,11101111100100100010
Вч,1/770604,11101111100100100011
Въ,2/770604,1110111110010010010
Вя,1/770604,11101111100100100110
Ди,1/770604,11101111100100100111
Га,4/770604,111011111001001010
Гн,2/770604,1110111110010010110
Дн,1/770604,11101111100100101110
"Е
",1/770604,11101111100100101111
Гу,16/770604,1110111110010011
Ды,2/770604,1110111110010100000
ЕН,1/770604,11101111100101000010
ЕР,1/770604,11101111100101000011
Ев,4/770604,111011111001010001
Ед,8/770604,11101111100101001
Еж,1/770604,11101111100101010000
Ех,1/770604,11101111100101010001
ЖЕ,1/770604,11101111100101010010
Жу,1/770604,11101111100101010011
Жа,4/770604,111011111001010101
Зо,4/770604,111011111001010110
ИЕ,1/770604,11101111100101011100
ИЛ,1/770604,11101111100101011101
Их,1/770604,11101111100101011110
ЛО,1/770604,11101111100101011111
Иб,4/770604,111011111001011000
Иш,2/770604,1110111110010110010
"Й
",2/770604,1110111110010110011
Кл,4/770604,111011111001011010
Ла,4/770604,111011111001011011
Кн,8/770604,11101111100101110
Лу,8/770604,11101111100101111
Ля,1/770604,11101111100110000000
НИ,1/770604,11101111100110000001
М ,2/770604,1110111110011000001
Ны,1/770604,11101111100110000100
ОЖ,1/770604,11101111100110000101
ОЙ,1/770604,11101111100110000110
ОР,1/770604,11101111100110000111
ОМ,2/770604,1110111110011000100
Ов,1/770604,11101111100110001010
Оз,1/770604,11101111100110001011
Ог,2/770604,1110111110011000110
Оп,2/770604,1110111110011000111
Ой,4/770604,111011111001100100
Оф,1/770604,11101111100110010100
ПЕ,1/770604,11101111100110010101
П.,2/770604,1110111110011001011
ПР,1/770604,11101111100110011000
РВ,1/770604,11101111100110011001
Пб,2/770604,1110111110011001101
Пь,2/770604,1110111110011001110
РИ,1/770604,11101111100110011110
РО,1/770604,11101111100110011111
Ри,2/770604,1110111110011010000
Ры,2/770604,1110111110011010001
С ,2/770604,1110111110011010010
СП,2/770604,1110111110011010011
Ср,1/770604,11101111100110101000
Сх,1/770604,11101111100110101001
Съ,2/770604,1110111110011010101
Сы,4/770604,111011111001101011
Сю,4/770604,111011111001101100
Ти,1/770604,11101111100110110100
"У,",1/770604,11101111100110110101
Ть,2/770604,1110111110011011011
Тя,2/770604,1110111110011011100
Уб,2/770604,1110111110011011101
Уг,1/770604,11101111100110111100
Уд,1/770604,11101111100110111101
Ух,2/770604,1110111110011011111
Ми,64/770604,11101111100111
Фр,8/770604,11101111101000000
Фу,2/770604,1110111110100000100
Хи,1/770604,11101111101000001010
Хм,1/770604,11101111101000001011
Ца,1/770604,11101111101000001100
Ци,1/770604,11101111101000001101
Цы,1/770604,11101111101000001110
Чл,1/770604,11101111101000001111
Чр,2/770604,1110111110100001000
Чь,1/770604,11101111101000010010
Ши,1/770604,11101111101000010011
Шк,1/770604,11101111101000010100
Шп,1/770604,11101111101000010101
Щи,2/770604,1110111110100001011
Шу,4/770604,111011111010000110
Щу,1/770604,11101111101000011100
ЫЙ,1/770604,11101111101000011101
"Э,",2/770604,1110111110100001111
Эг,1/770604,11101111101000100000
Эд,1/770604,11101111101000100001
Эм,1/770604,11101111101000100010
Юн,1/770604,11101111101000100011
Юз,2/770604,1110111110100010010
Я-,1/770604,11101111101000100110
Я?,1/770604,11101111101000100111
Яв,2/770604,1110111110100010100
Як,1/770604,11101111101000101010
Яс,1/770604,11101111101000101011
а),4/770604,111011111010001011
"Я,",16/770604,1110111110100011
Яр,8/770604,11101111101001000
а<,1/770604,11101111101001001000
а[,1/770604,11101111101001001001
б!,1/770604,11101111101001001010
б:,1/770604,11101111101001001011
а>,4/770604,111011111010010011
б-,2/770604,1110111110100101000
б;,1/770604,11101111101001010010
б»,1/770604,11101111101001010011
б“,1/770604,11101111101001010100
б…,1/770604,11101111101001010101
в<,1/770604,11101111101001010110
вг,1/770604,11101111101001010111
бц,8/770604,11101111101001011
бд,32/770604,111011111010011
в>,8/770604,11101111101010000
в»,4/770604,111011111010100010
вб,4/770604,111011111010100011
въ,8/770604,11101111101010010
вэ,1/770604,11101111101010011000
вю,1/770604,11101111101010011001
в“,2/770604,1110111110101001101
г:,4/770604,111011111010100111
г;,4/770604,111011111010101000
г?,1/770604,11101111101010100100
д),1/770604,11101111101010100101
гт,2/770604,1110111110101010011
гб,4/770604,111011111010101010
г…,2/770604,1110111110101010110
д-,2/770604,1110111110101010111
д:,4/770604,111011111010101100
д<,1/770604,11101111101010110100
д[,1/770604,11101111101010110101
д…,1/770604,11101111101010110110
е&,1/770604,11101111101010110111
д;,8/770604,11101111101010111
дж,4/770604,111011111010110000
"е
",2/770604,1110111110101100010
е),2/770604,1110111110101100011
е<,1/770604,11101111101011001000
е],1/770604,11101111101011001001
е[,2/770604,1110111110101100101
е ,1/770604,11101111101011001100
е“,1/770604,11101111101011001101
ж:,1/770604,11101111101011001110
ж;,1/770604,11101111101011001111
еф,4/770604,111011111010110100
ж»,1/770604,11101111101011010100
жр,1/770604,11101111101011010101
ж…,1/770604,11101111101011010110
з>,1/770604,11101111101011010111
з!,2/770604,1110111110101101100
з:,2/770604,1110111110101101101
з;,2/770604,1110111110101101110
з?,1/770604,11101111101011011110
и&,1/770604,11101111101011011111
зю,4/770604,111011111010111000
и),4/770604,111011111010111001
и ,1/770604,11101111101011101000
иэ,1/770604,11101111101011101001
и“,2/770604,1110111110101110101
й),2/770604,1110111110101110110
й[,1/770604,11101111101011101110
йо,1/770604,11101111101011101111
йп,2/770604,1110111110101111000
йх,1/770604,11101111101011110010
кз,1/770604,11101111101011110011
кх,1/770604,11101111101011110100
нм,1/770604,11101111101011110101
к“,2/770604,1110111110101111011
кш,4/770604,111011111010111110
л>,4/770604,111011111010111111
и»,32/770604,111011111011000
к?,32/770604,111011111011001
к…,8/770604,11101111101101000
лц,2/770604,1110111110110100100
м),2/770604,1110111110110100101
мз,2/770604,1110111110110100110
мт,2/770604,1110111110110100111
л;,16/770604,1110111110110101
м?,32/770604,111011111011011
мф,4/770604,111011111011100000
мш,2/770604,1110111110111000010
м“,2/770604,1110111110111000011
нл,2/770604,1110111110111000100
нх,1/770604,11101111101110001010
н“,1/770604,11101111101110001011
нш,4/770604,111011111011100011
м…,16/770604,1110111110111001
о),2/770604,1110111110111010000
о<,1/770604,11101111101110100010
о],1/770604,11101111101110100011
оа,1/770604,11101111101110100100
п»,1/770604,11101111101110100101
о“,2/770604,1110111110111010011
п!,2/770604,1110111110111010100
пх,1/770604,11101111101110101010
р>,1/770604,11101111101110101011
р»,4/770604,111011111011101011
пп,16/770604,1110111110111011
р-,8/770604,11101111101111000
р?,8/770604,11101111101111001
р…,2/770604,1110111110111101000
с),1/770604,11101111101111010010
с>,1/770604,11101111101111010011
с;,2/770604,1110111110111101010
с ,2/770604,1110111110111101011
с?,8/770604,11101111101111011
с»,2/770604,1110111110111110000
сф,2/770604,1110111110111110001
сж,4/770604,111011111011111001
с…,2/770604,1110111110111110100
"т
",1/770604,11101111101111101010
у),1/770604,11101111101111101011
тё,2/770604,1110111110111110110
т“,2/770604,1110111110111110111
т>,8/770604,11101111101111110
у[,1/770604,11101111101111111000
"ф,",1/770604,11101111101111111001
уц,2/770604,1110111110111111101
уи,4/770604,111011111011111111
рю,128/770604,1110111111000
уэ,2/770604,1110111111001000000
у“,2/770604,1110111111001000001
ф-,1/770604,11101111110010000100
фн,1/770604,11101111110010000101
фм,2/770604,1110111111001000011
фч,2/770604,1110111111001000100
хг,1/770604,11101111110010001010
хд,1/770604,11101111110010001011
х»,4/770604,111011111100100011
хп,1/770604,11101111110010010000
хч,1/770604,11101111110010010001
хъ,1/770604,11101111110010010010
хэ,1/770604,11101111110010010011
х“,2/770604,1110111111001001010
ц-,2/770604,1110111111001001011
хш,8/770604,11101111110010011
уя,32/770604,111011111100101
х…,8/770604,11101111110011000
ц:,4/770604,111011111100110010
ц»,1/770604,11101111110011001100
ц…,1/770604,11101111110011001101
цц,2/770604,1110111111001100111
ч:,2/770604,1110111111001101000
ч>,1/770604,11101111110011010010
ш:,1/770604,11101111110011010011
ч;,4/770604,111011111100110101
ч»,4/770604,111011111100110110
чв,4/770604,111011111100110111
чё,4/770604,111011111100111000
ч…,2/770604,1110111111001110010
ш;,1/770604,11101111110011100110
шр,1/770604,11101111110011100111
ш!,4/770604,111011111100111010
шц,4/770604,111011111100111011
шё,1/770604,11101111110011110000
що,1/770604,11101111110011110001
ъ ,2/770604,1110111111001111001
"щ,",4/770604,111011111100111101
"ъ,",1/770604,11101111110011111000
ъ.,1/770604,11101111110011111001
ъю,2/770604,1110111111001111101
ы&,1/770604,11101111110011111100
ы[,1/770604,11101111110011111101
ы ,1/770604,11101111110011111110
ьф,1/770604,11101111110011111111
ыр,257/770604,111011111101
"л,",515/770604,11101111111
ре,4102/770604,11110000
ту,1032/770604,1111000100
ь[,2/770604,1111000101000000000
э ,1/770604,11110001010000000010
э!,1/770604,11110001010000000011
ьщ,4/770604,111100010100000001
ь“,4/770604,111100010100000010
э:,1/770604,11110001010000001100
ю),1/770604,11110001010000001101
эф,2/770604,1111000101000000111
эс,4/770604,111100010100000100
эх,4/770604,111100010100000101
ю>,1/770604,11110001010000011000
ю[,1/770604,11110001010000011001
юе,2/770604,1111000101000001101
юз,2/770604,1111000101000001110
юп,1/770604,11110001010000011110
я&,1/770604,11110001010000011111
юц,4/770604,111100010100001000
ю“,4/770604,111100010100001001
я),1/770604,11110001010000101000
я<,1/770604,11110001010000101001
я[,1/770604,11110001010000101010
яо,1/770604,11110001010000101011
ё-,1/770604,11110001010000101100
ёг,1/770604,11110001010000101101
ёл,2/770604,1111000101000010111
ём,1/770604,11110001010000110000
ёх,1/770604,11110001010000110001
ё…,1/770604,11110001010000110010
“;,1/770604,11110001010000110011
ёр,4/770604,111100010100001101
’o,2/770604,1111000101000011100
„Б,1/770604,11110001010000111010
„В,1/770604,11110001010000111011
„Г,2/770604,1111000101000011110
„Д,2/770604,1111000101000011111
"…
",64/770604,11110001010001
 Э,129/770604,1111000101001
Чт,129/770604,1111000101010
ун,129/770604,1111000101011
рн,517/770604,11110001011
ег,2071/770604,111100011
 ч,4142/770604,11110010
жи,1034/770604,1111001100
ад,1040/770604,1111001101
-с,65/770604,11110011100000
аи,65/770604,11110011100001
Вс,130/770604,1111001110001
"?
",260/770604,111100111001
е!,130/770604,1111001110100
м:,65/770604,11110011101010
м;,65/770604,11110011101011
фе,65/770604,11110011101100
хе,65/770604,11110011101101
сю,131/770604,1111001110111
 «,522/770604,11110011110
! ,262/770604,111100111110
ын,131/770604,1111001111110
ьт,131/770604,1111001111111
", ",16826/770604,111101
ты,1048/770604,1111100000
Ко,263/770604,111110000100
зы,263/770604,111110000101
ех,526/770604,11111000011
вс,2104/770604,111110001
щи,527/770604,11111001000
„И,2/770604,1111100100100000000
„К,2/770604,1111100100100000001
„М,1/770604,11111001001000000100
„У,1/770604,11111001001000000101
„О,2/770604,1111100100100000011
„П,4/770604,111110010010000010
„Т,4/770604,111110010010000011
„Х,2/770604,1111100100100001000
„Э,1/770604,11111001001000010010
„Я,1/770604,11111001001000010011
„в,1/770604,11111001001000010100
„д,1/770604,11111001001000010101
„з,2/770604,1111100100100001011
„н,1/770604,11111001001000011000
„ч,1/770604,11111001001000011001
„ш,1/770604,11111001001000011010
….,1/770604,11111001001000011011
…в,1/770604,11111001001000011100
…х,1/770604,11111001001000011101
…ч,1/770604,11111001001000011110
……,1/770604,11111001001000011111
 М,33/770604,111110010010001
-к,66/770604,11111001001001
«Н,66/770604,11111001001010
бв,33/770604,111110010010110
зс,33/770604,111110010010111
Па,132/770604,1111100100110
йч,33/770604,111110010011100
р.,33/770604,111110010011101
ш ,66/770604,11111001001111
ый,1054/770604,1111100101
ви,2123/770604,111110011
ге,264/770604,111110100000
фи,132/770604,1111101000010
 У,133/770604,1111101000011
уб,531/770604,11111010001
ют,265/770604,111110100100
» ,266/770604,111110100101
ою,532/770604,11111010011
ми,2129/770604,111110101
ор,4265/770604,11111011
"я,",1065/770604,1111110000
еж,534/770604,11111100010
цо,133/770604,1111110001100
юр,66/770604,11111100011010
ау,67/770604,11111100011011
Пл,134/770604,1111110001110
йш,134/770604,1111110001111
еб,1070/770604,1111110010
е.,535/770604,11111100110
кс,67/770604,11111100111000
ь-,33/770604,111111001110010
"
А",17/770604,1111110011100110
 Ш,17/770604,1111110011100111
о:,134/770604,1111110011101
цу,134/770604,1111110011110
ю-,67/770604,11111100111110
"
«",68/770604,11111100111111
ос,4280/770604,11111101
др,1076/770604,1111111000
бр,1082/770604,1111111001
х ,2168/770604,111111101
нк,269/770604,111111110000
 Р,135/770604,1111111100010
 Я,135/770604,1111111100011
ио,135/770604,1111111100100
"
Г",34/770604,111111110010100
-и,17/770604,1111111100101010
 Х,17/770604,1111111100101011
 З,34/770604,111111110010110
«В,34/770604,111111110010111
 В,136/770604,1111111100110
Бо,34/770604,111111110011100
"И,",17/770604,1111111100111010
К ,17/770604,1111111100111011
Мы,17/770604,1111111100111100
Ре,17/770604,1111111100111101
вх,17/770604,1111111100111110
жс,17/770604,1111111100111111
А ,272/770604,111111110100
За,136/770604,1111111101010
Сл,68/770604,11111111010110
е»,34/770604,111111110101110
сц,17/770604,1111111101011110
фу,17/770604,1111111101011111
"в,",545/770604,11111111011
ед,2181/770604,111111111
